i_ID,student_id,student_name,st_month,nd_month,chapter1,half_year,st_month1,nd_month2,chapter2,chapter3,final_exam,final_result,academic_year
1,1,بسمة سعيد,8,8,18,42,8,9,17,18,96,Excellent,2024-2025
2,2,ندى سالم,10,10,16,39,9,8,19,20,98,Excellent,2024-2025
3,3,عمر إبراهيم,10,8,19,38,9,9,17,19,83,Good,2024-2025
4,4,آية فؤاد,9,9,17,42,10,8,17,18,81,Good,2024-2025
5,5,ندى سالم,10,9,16,43,9,10,20,20,100,Excellent,2024-2025
6,6,دينا سالم,9,9,19,43,8,10,18,19,86,Very Good,2024-2025
7,7,آية إبراهيم,8,10,18,43,8,9,20,20,94,Very Good,2024-2025
8,8,حسن كامل,10,10,19,39,10,9,18,18,83,Good,2024-2025
9,9,حسن كامل,9,8,16,44,10,9,20,20,94,Very Good,2024-2025
10,10,يوسف سعيد,9,9,16,43,8,10,19,19,100,Excellent,2024-2025
11,11,هبة حسن,8,10,20,45,10,8,17,19,80,Good,2024-2025
12,12,فاطمة حسن,8,8,18,40,9,10,17,18,92,Very Good,2024-2025
13,13,محمود عبدالعزيز,8,8,18,38,8,8,20,19,91,Very Good,2024-2025
14,14,هبة فؤاد,8,10,20,40,9,8,20,20,100,Excellent,2024-2025
15,15,حسن سالم,10,8,19,38,10,9,20,19,93,Very Good,2024-2025
16,16,نور عبدالعزيز,8,8,19,38,8,9,17,18,100,Excellent,2024-2025
17,17,محمد سعيد,8,9,16,40,8,10,19,20,86,Very Good,2024-2025
18,18,يوسف عبدالرحمن,8,10,20,41,9,8,18,20,83,Good,2024-2025
19,19,سارة سعيد,10,10,17,40,9,8,20,19,98,Excellent,2024-2025
20,20,آية سالم,9,9,19,40,9,9,20,19,94,Very Good,2024-2025
21,21,حسن عبدالله,10,8,19,43,10,8,20,19,91,Very Good,2024-2025
22,22,مصطفى سالم,9,9,19,40,9,10,20,18,93,Very Good,2024-2025
23,23,عمر حسن,10,8,20,44,9,10,18,18,94,Very Good,2024-2025
24,24,مصطفى كامل,9,10,18,42,8,10,18,19,91,Very Good,2024-2025
25,25,يوسف فؤاد,8,10,16,44,9,9,19,20,95,Excellent,2024-2025
26,26,مصطفى فؤاد,9,9,18,43,9,8,18,19,84,Good,2024-2025
27,27,هبة عبدالله,10,9,18,44,8,8,18,20,90,Very Good,2024-2025
28,28,بسمة فؤاد,8,8,18,42,9,10,18,20,87,Very Good,2024-2025
29,29,رنا حسن,8,10,20,41,8,8,17,18,84,Good,2024-2025
30,30,مريم كامل,8,8,17,45,9,10,18,20,85,Very Good,2024-2025
31,31,حسن حسن,8,10,16,41,10,9,18,19,84,Good,2024-2025
32,32,ندى عبدالله,8,9,18,43,8,8,20,18,83,Good,2024-2025
33,33,نور إبراهيم,9,10,19,38,8,10,18,19,82,Good,2024-2025
34,34,مريم كامل,8,9,16,44,8,9,20,19,97,Excellent,2024-2025
35,35,مصطفى حلمي,9,8,17,42,8,9,20,19,82,Good,2024-2025
36,36,حسن فؤاد,8,8,18,41,10,9,17,20,86,Very Good,2024-2025
37,37,دينا سعيد,10,9,20,39,10,9,20,20,86,Very Good,2024-2025
38,38,هبة سالم,10,10,16,42,8,10,18,18,90,Very Good,2024-2025
39,39,نور عبدالله,10,10,18,44,8,10,19,20,94,Very Good,2024-2025
40,40,أحمد إبراهيم,8,9,19,43,10,10,19,19,82,Good,2024-2025
41,41,سارة كامل,9,9,16,44,9,10,17,20,93,Very Good,2024-2025
42,42,ندى حلمي,8,10,19,43,8,9,18,19,82,Good,2024-2025
43,43,ندى حسن,8,9,17,40,8,9,20,20,84,Good,2024-2025
44,44,مصطفى عبدالله,8,8,16,38,10,8,18,20,81,Good,2024-2025
45,45,نور حسن,8,8,18,43,10,9,20,18,98,Excellent,2024-2025
46,46,فاطمة حسن,9,8,18,44,9,10,20,19,96,Excellent,2024-2025
47,47,ندى سالم,8,8,18,42,9,10,17,20,83,Good,2024-2025
48,48,محمود سعيد,10,8,19,43,10,10,17,18,95,Excellent,2024-2025
49,49,مصطفى سالم,10,8,20,45,8,9,17,19,88,Very Good,2024-2025
50,50,عمر عبدالرحمن,8,10,18,40,9,10,18,18,99,Excellent,2024-2025
51,51,علي عبدالله,8,8,18,42,9,10,17,20,100,Excellent,2024-2025
52,52,محمد إبراهيم,10,9,19,41,9,8,19,19,96,Excellent,2024-2025
53,53,ندى حلمي,10,8,20,43,10,9,20,18,96,Excellent,2024-2025
54,54,نور حلمي,9,10,19,41,9,10,17,18,97,Excellent,2024-2025
55,55,سارة إبراهيم,10,8,20,43,10,8,19,19,80,Good,2024-2025
56,56,سعيد سعيد,8,10,16,45,8,8,17,20,93,Very Good,2024-2025
57,57,فاطمة سعيد,9,8,18,38,8,8,19,19,90,Very Good,2024-2025
58,58,يوسف عبدالرحمن,8,9,17,41,8,9,17,18,95,Excellent,2024-2025
59,59,محمد فؤاد,8,10,19,40,9,8,17,18,90,Very Good,2024-2025
60,60,بسمة سعيد,10,9,20,43,9,8,17,19,81,Good,2024-2025
61,61,محمود سالم,9,9,17,38,10,10,18,20,99,Excellent,2024-2025
62,62,سارة سالم,8,10,16,45,9,8,17,18,85,Very Good,2024-2025
63,63,فاطمة عبدالرحمن,9,10,16,40,10,8,20,18,92,Very Good,2024-2025
64,64,محمد عبدالله,8,9,20,43,9,8,19,19,83,Good,2024-2025
65,65,خالد كامل,9,10,20,44,10,10,18,18,81,Good,2024-2025
66,66,بسمة عبدالله,8,9,19,46,9,9,18,18,97,Excellent,2024-2025
67,67,محمود سالم,9,8,17,39,10,9,18,19,91,Very Good,2024-2025
68,68,ندى حسن,10,8,19,41,10,9,17,19,91,Very Good,2024-2025
69,69,محمود فؤاد,8,8,20,39,9,10,19,19,81,Good,2024-2025
70,70,خالد إبراهيم,8,10,19,41,9,10,18,19,84,Good,2024-2025
71,71,سعيد كامل,10,10,18,42,8,10,19,20,90,Very Good,2024-2025
72,72,بسمة حسن,10,10,17,45,8,10,20,18,86,Very Good,2024-2025
73,73,سارة فؤاد,10,10,17,46,10,9,18,19,99,Excellent,2024-2025
74,74,نور سالم,9,9,18,43,8,10,20,18,83,Good,2024-2025
75,75,فاطمة سعيد,10,9,19,42,10,8,17,20,100,Excellent,2024-2025
76,76,هبة فؤاد,8,8,16,44,9,9,18,19,91,Very Good,2024-2025
77,77,سارة إبراهيم,9,10,16,42,8,9,17,19,91,Very Good,2024-2025
78,78,هبة عبدالله,9,10,20,46,8,8,17,20,96,Excellent,2024-2025
79,79,هبة عبدالرحمن,8,9,18,44,8,8,20,20,81,Good,2024-2025
80,80,فاطمة سالم,10,10,16,46,9,10,20,18,83,Good,2024-2025
81,81,أحمد كامل,9,9,17,39,9,10,20,19,85,Very Good,2024-2025
82,82,حسن عبدالله,9,10,20,43,10,10,19,18,85,Very Good,2024-2025
83,83,يوسف حسن,9,8,18,42,9,8,19,20,92,Very Good,2024-2025
84,84,يوسف عبدالله,8,10,16,42,10,9,18,18,94,Very Good,2024-2025
85,85,مصطفى حسن,8,9,20,44,9,8,17,18,97,Excellent,2024-2025
86,86,محمد عبدالله,10,10,18,42,10,10,18,20,93,Very Good,2024-2025
87,87,حسن سالم,10,9,19,44,10,8,19,18,91,Very Good,2024-2025
88,88,يوسف عبدالرحمن,10,10,20,40,9,10,20,20,80,Good,2024-2025
89,89,نور كامل,8,9,16,40,9,9,20,18,94,Very Good,2024-2025
90,90,يوسف فؤاد,10,10,20,45,9,9,18,18,85,Very Good,2024-2025
91,91,آية فؤاد,9,10,17,39,8,8,20,20,91,Very Good,2024-2025
92,92,عمر حسن,8,10,18,46,8,9,20,18,99,Excellent,2024-2025
93,93,أحمد عبدالرحمن,8,10,19,42,9,9,19,19,95,Excellent,2024-2025
94,94,سعيد حسن,10,9,18,40,9,10,18,19,80,Good,2024-2025
95,95,علي إبراهيم,8,8,19,40,10,10,17,19,93,Very Good,2024-2025
96,96,فاطمة عبدالعزيز,8,10,20,39,8,10,19,20,80,Good,2024-2025
97,97,هبة سعيد,10,10,20,43,9,10,20,18,96,Excellent,2024-2025
98,98,محمد عبدالعزيز,9,8,20,40,9,10,19,19,94,Very Good,2024-2025
99,99,عمر كامل,9,10,17,39,10,9,17,20,93,Very Good,2024-2025
100,100,هبة عبدالعزيز,10,8,20,41,8,9,17,20,84,Good,2024-2025
101,101,سارة عبدالرحمن,10,8,17,43,9,9,18,20,87,Very Good,2024-2025
102,102,آية عبدالعزيز,9,8,19,38,9,10,20,18,94,Very Good,2024-2025
103,103,علي سالم,9,10,17,46,10,10,19,18,82,Good,2024-2025
104,104,سارة سعيد,9,9,18,41,10,10,18,18,92,Very Good,2024-2025
105,105,خالد كامل,9,10,16,40,8,9,17,19,91,Very Good,2024-2025
106,106,عمر سالم,10,8,18,42,8,10,19,18,91,Very Good,2024-2025
107,107,آية كامل,10,8,18,39,9,9,17,19,86,Very Good,2024-2025
108,108,حسن عبدالعزيز,9,8,18,40,8,10,18,20,88,Very Good,2024-2025
109,109,هبة فؤاد,8,9,16,42,8,9,19,20,82,Good,2024-2025
110,110,سعيد حسن,8,10,17,44,10,10,20,20,83,Good,2024-2025
111,111,ندى كامل,10,10,20,42,8,9,20,20,97,Excellent,2024-2025
112,112,مريم حسن,8,10,20,44,9,8,18,20,96,Excellent,2024-2025
113,113,دينا عبدالرحمن,9,10,20,40,8,10,19,20,89,Very Good,2024-2025
114,114,بسمة فؤاد,10,9,19,39,9,8,18,20,90,Very Good,2024-2025
115,115,دينا حلمي,10,9,17,45,8,9,20,18,89,Very Good,2024-2025
116,116,أحمد سعيد,9,8,19,42,8,10,17,18,81,Good,2024-2025
117,117,خالد كامل,8,10,19,46,9,9,18,19,83,Good,2024-2025
118,118,دينا حلمي,9,9,18,45,8,10,17,20,96,Excellent,2024-2025
119,119,علي سعيد,8,10,18,38,10,9,20,20,82,Good,2024-2025
120,120,فاطمة إبراهيم,8,9,19,42,9,9,20,19,98,Excellent,2024-2025
121,121,دينا حسن,10,8,20,46,10,8,17,18,83,Good,2024-2025
122,122,دينا حسن,10,8,18,41,8,8,17,20,85,Very Good,2024-2025
123,123,سارة إبراهيم,10,10,19,43,10,10,18,19,86,Very Good,2024-2025
124,124,نور حسن,10,9,16,38,10,8,20,20,93,Very Good,2024-2025
125,125,مريم فؤاد,9,10,17,39,10,10,20,19,90,Very Good,2024-2025
126,126,خالد سعيد,9,9,18,39,10,8,18,19,93,Very Good,2024-2025
127,127,عمر عبدالله,8,9,17,40,8,10,19,18,97,Excellent,2024-2025
128,128,هبة عبدالعزيز,8,8,19,45,10,10,19,19,95,Excellent,2024-2025
129,129,خالد عبدالعزيز,9,9,19,45,8,10,19,20,88,Very Good,2024-2025
130,130,دينا سعيد,10,9,17,41,9,9,20,20,84,Good,2024-2025
131,131,محمد إبراهيم,9,9,20,39,9,9,20,20,85,Very Good,2024-2025
132,132,دينا سعيد,9,9,16,40,10,9,17,20,98,Excellent,2024-2025
133,133,يوسف كامل,8,10,16,42,8,10,20,19,98,Excellent,2024-2025
134,134,دينا سالم,8,9,20,43,10,10,19,18,100,Excellent,2024-2025
135,135,عمر سعيد,8,9,18,38,8,9,18,18,96,Excellent,2024-2025
136,136,أحمد فؤاد,8,10,16,42,9,9,19,20,83,Good,2024-2025
137,137,نور حلمي,10,10,20,42,9,10,20,18,89,Very Good,2024-2025
138,138,حسن سالم,9,10,18,45,8,8,17,19,95,Excellent,2024-2025
139,139,عمر فؤاد,9,9,18,46,9,9,19,20,88,Very Good,2024-2025
140,140,حسن سعيد,8,9,17,39,9,9,17,18,82,Good,2024-2025
141,141,مريم سعيد,10,9,19,40,9,9,17,20,98,Excellent,2024-2025
142,142,محمود سالم,8,9,18,44,10,9,19,18,95,Excellent,2024-2025
143,143,آية حسن,10,10,20,43,9,9,17,20,91,Very Good,2024-2025
144,144,دينا عبدالله,8,10,19,42,9,10,18,19,97,Excellent,2024-2025
145,145,نور سعيد,10,8,16,39,8,9,20,20,100,Excellent,2024-2025
146,146,رنا عبدالعزيز,10,8,19,43,10,8,19,18,92,Very Good,2024-2025
147,147,خالد سالم,10,9,18,43,10,9,17,19,94,Very Good,2024-2025
148,148,نور حلمي,9,8,16,39,10,8,19,20,96,Excellent,2024-2025
149,149,يوسف عبدالله,8,8,17,44,10,8,19,19,81,Good,2024-2025
150,150,فاطمة عبدالعزيز,9,9,20,43,8,10,19,19,84,Good,2024-2025
151,151,عمر فؤاد,10,10,16,40,10,10,17,19,94,Very Good,2024-2025
152,152,دينا عبدالعزيز,8,10,17,46,9,8,17,20,92,Very Good,2024-2025
153,153,فاطمة كامل,9,10,18,45,9,8,20,20,96,Excellent,2024-2025
154,154,سعيد عبدالله,8,9,20,41,10,9,20,20,80,Good,2024-2025
155,155,سعيد عبدالعزيز,9,8,16,46,9,9,18,18,93,Very Good,2024-2025
156,156,نور عبدالرحمن,9,10,19,42,8,10,17,18,95,Excellent,2024-2025
157,157,أحمد حلمي,9,8,17,40,10,8,17,19,83,Good,2024-2025
158,158,آية كامل,9,9,18,46,8,10,19,19,96,Excellent,2024-2025
159,159,سارة حلمي,8,8,19,40,8,8,18,18,96,Excellent,2024-2025
160,160,مصطفى إبراهيم,10,9,17,39,8,9,20,19,93,Very Good,2024-2025
161,161,سعيد فؤاد,8,8,17,42,8,10,18,19,94,Very Good,2024-2025
162,162,دينا فؤاد,10,9,17,46,8,9,19,19,87,Very Good,2024-2025
163,163,محمد كامل,9,8,19,44,9,9,17,18,95,Excellent,2024-2025
164,164,دينا عبدالعزيز,9,10,18,39,10,8,17,19,100,Excellent,2024-2025
165,165,ندى عبدالعزيز,9,9,18,38,8,9,19,18,81,Good,2024-2025
166,166,سارة سالم,9,10,20,41,9,9,19,19,92,Very Good,2024-2025
167,167,محمد إبراهيم,10,10,18,45,8,8,17,20,97,Excellent,2024-2025
168,168,محمد حسن,8,10,17,46,8,9,20,18,100,Excellent,2024-2025
169,169,رنا عبدالله,8,10,19,43,9,8,17,18,97,Excellent,2024-2025
170,170,محمود عبدالرحمن,10,10,19,39,10,9,18,19,88,Very Good,2024-2025
171,171,محمود حسن,10,8,20,38,8,10,17,19,86,Very Good,2024-2025
172,172,رنا كامل,9,10,20,44,10,8,17,19,96,Excellent,2024-2025
173,173,نور عبدالله,10,9,17,39,9,10,20,18,97,Excellent,2024-2025
174,174,خالد عبدالرحمن,8,8,20,46,10,9,19,20,96,Excellent,2024-2025
175,175,مصطفى سعيد,9,9,17,44,9,9,18,19,87,Very Good,2024-2025
176,176,علي إبراهيم,9,10,20,41,10,8,18,19,88,Very Good,2024-2025
177,177,مصطفى سالم,9,9,19,46,8,9,19,18,91,Very Good,2024-2025
178,178,يوسف عبدالرحمن,8,10,18,45,10,10,19,18,90,Very Good,2024-2025
179,179,مصطفى حسن,8,9,19,42,8,9,18,20,99,Excellent,2024-2025
180,180,نور عبدالرحمن,10,9,16,43,8,10,20,18,93,Very Good,2024-2025
181,181,يوسف عبدالله,8,8,18,42,9,9,19,18,89,Very Good,2024-2025
182,182,علي سالم,9,10,17,42,8,8,18,18,88,Very Good,2024-2025
183,183,يوسف إبراهيم,8,10,18,41,8,10,19,20,85,Very Good,2024-2025
184,184,فاطمة سالم,9,10,16,40,9,8,18,20,96,Excellent,2024-2025
185,185,رنا إبراهيم,9,9,16,43,10,9,20,19,98,Excellent,2024-2025
186,186,مريم عبدالرحمن,9,9,17,38,10,9,20,20,83,Good,2024-2025
187,187,فاطمة عبدالعزيز,8,9,19,41,10,8,17,19,85,Very Good,2024-2025
188,188,نور سعيد,9,9,17,44,9,10,19,18,83,Good,2024-2025
189,189,محمود حلمي,8,8,19,39,9,10,19,18,90,Very Good,2024-2025
190,190,أحمد عبدالرحمن,9,8,18,39,9,10,18,20,90,Very Good,2024-2025
191,191,آية عبدالعزيز,9,9,20,38,9,9,20,18,88,Very Good,2024-2025
192,192,عمر سالم,10,8,17,45,8,8,17,18,83,Good,2024-2025
193,193,مريم فؤاد,9,10,18,39,10,9,20,20,93,Very Good,2024-2025
194,194,دينا عبدالله,10,8,19,45,10,8,19,18,98,Excellent,2024-2025
195,195,دينا سعيد,8,8,17,44,9,9,18,19,84,Good,2024-2025
196,196,محمد عبدالرحمن,9,9,20,41,10,8,19,18,86,Very Good,2024-2025
197,197,خالد عبدالله,9,8,16,43,10,9,19,18,93,Very Good,2024-2025
198,198,سعيد إبراهيم,9,10,18,39,9,9,18,20,94,Very Good,2024-2025
199,199,رنا عبدالرحمن,9,10,17,43,10,9,17,20,86,Very Good,2024-2025
200,200,علي عبدالعزيز,10,9,17,42,10,9,17,20,82,Good,2024-2025
201,201,ندى كامل,9,10,19,46,8,10,18,19,90,Very Good,2024-2025
202,202,أحمد سالم,10,10,16,38,8,10,17,19,80,Good,2024-2025
203,203,ندى حسن,8,10,17,38,8,9,19,18,86,Very Good,2024-2025
204,204,مصطفى عبدالله,10,9,20,44,10,9,18,19,88,Very Good,2024-2025
205,205,دينا إبراهيم,9,10,16,41,8,8,20,20,94,Very Good,2024-2025
206,206,هبة حلمي,9,8,19,39,9,8,17,20,97,Excellent,2024-2025
207,207,بسمة حسن,9,9,16,44,9,8,20,19,86,Very Good,2024-2025
208,208,سارة فؤاد,10,9,19,39,8,8,19,20,82,Good,2024-2025
209,209,حسن سالم,9,9,20,40,10,8,19,19,95,Excellent,2024-2025
210,210,محمد عبدالعزيز,8,8,16,40,10,8,19,20,96,Excellent,2024-2025
211,211,محمد فؤاد,10,10,17,43,9,9,19,18,94,Very Good,2024-2025
212,212,بسمة عبدالله,9,9,16,44,8,9,19,19,91,Very Good,2024-2025
213,213,دينا سعيد,10,10,17,38,10,8,17,18,86,Very Good,2024-2025
214,214,عمر حلمي,10,10,17,39,10,9,20,20,80,Good,2024-2025
215,215,محمود كامل,8,8,16,43,10,10,20,18,97,Excellent,2024-2025
216,216,هبة فؤاد,10,10,20,40,10,10,19,19,89,Very Good,2024-2025
217,217,بسمة عبدالرحمن,10,10,16,43,10,10,20,18,90,Very Good,2024-2025
218,218,محمود حسن,10,9,20,38,10,8,17,19,81,Good,2024-2025
219,219,فاطمة حلمي,10,8,16,46,8,9,20,18,92,Very Good,2024-2025
220,220,فاطمة سعيد,9,8,19,41,10,10,19,18,100,Excellent,2024-2025
221,221,خالد حسن,9,10,19,43,8,8,20,20,84,Good,2024-2025
222,222,محمود سالم,8,8,17,39,10,8,18,18,92,Very Good,2024-2025
223,223,حسن عبدالله,8,10,17,38,9,9,17,19,93,Very Good,2024-2025
224,224,بسمة فؤاد,8,8,19,40,10,8,18,20,87,Very Good,2024-2025
225,225,سعيد حسن,9,10,18,44,10,10,20,18,96,Excellent,2024-2025
226,226,مصطفى سعيد,9,9,16,43,8,10,20,18,100,Excellent,2024-2025
227,227,فاطمة سالم,9,10,16,41,10,10,20,18,83,Good,2024-2025
228,228,محمود عبدالعزيز,10,10,19,46,9,9,18,19,88,Very Good,2024-2025
229,229,سارة حلمي,10,10,18,44,9,9,17,19,89,Very Good,2024-2025
230,230,محمد عبدالعزيز,8,9,18,43,10,9,20,18,97,Excellent,2024-2025
231,231,مصطفى سعيد,8,10,18,39,9,10,18,19,81,Good,2024-2025
232,232,مريم عبدالله,10,10,20,40,9,8,19,19,81,Good,2024-2025
233,233,بسمة عبدالله,10,9,19,38,10,9,17,20,97,Excellent,2024-2025
234,234,آية سالم,8,9,19,42,8,9,18,20,91,Very Good,2024-2025
235,235,رنا حلمي,8,10,16,45,8,10,17,18,95,Excellent,2024-2025
236,236,مريم إبراهيم,9,8,16,39,9,9,20,20,92,Very Good,2024-2025
237,237,رنا سالم,9,10,16,39,8,10,17,19,94,Very Good,2024-2025
238,238,محمود حسن,9,10,17,38,10,9,18,20,87,Very Good,2024-2025
239,239,آية عبدالعزيز,10,10,20,45,10,9,20,20,96,Excellent,2024-2025
240,240,محمود حسن,10,10,19,43,9,8,19,20,91,Very Good,2024-2025
241,241,عمر عبدالله,8,10,16,43,8,9,17,18,81,Good,2024-2025
242,242,علي فؤاد,10,8,19,39,9,8,18,19,81,Good,2024-2025
243,243,عمر حسن,8,10,17,42,8,9,18,19,93,Very Good,2024-2025
244,244,مريم حسن,8,10,18,41,9,8,18,19,88,Very Good,2024-2025
245,245,علي عبدالرحمن,10,8,20,38,10,8,17,18,89,Very Good,2024-2025
246,246,مريم عبدالرحمن,9,9,16,39,9,9,19,18,82,Good,2024-2025
247,247,مريم حسن,10,8,17,44,8,9,17,20,92,Very Good,2024-2025
248,248,بسمة عبدالله,8,9,20,45,9,9,18,20,88,Very Good,2024-2025
249,249,حسن عبدالعزيز,9,10,19,43,10,8,20,19,83,Good,2024-2025
250,250,فاطمة حسن,9,10,19,40,10,9,20,19,98,Excellent,2024-2025
251,251,فاطمة حسن,8,9,16,42,9,9,18,20,95,Excellent,2024-2025
252,252,رنا حلمي,9,9,16,39,10,9,18,18,100,Excellent,2024-2025
253,253,خالد عبدالله,10,9,20,42,9,10,17,19,83,Good,2024-2025
254,254,مصطفى حلمي,9,9,19,45,10,8,20,19,93,Very Good,2024-2025
255,255,بسمة عبدالعزيز,8,9,16,40,9,8,20,18,99,Excellent,2024-2025
256,256,آية سالم,8,9,17,40,9,8,20,18,100,Excellent,2024-2025
257,257,نور حسن,8,9,17,43,10,8,19,20,92,Very Good,2024-2025
258,258,سارة عبدالعزيز,10,10,17,40,8,10,18,20,99,Excellent,2024-2025
259,259,فاطمة كامل,8,10,19,43,9,9,17,19,95,Excellent,2024-2025
260,260,ندى سالم,9,9,16,38,9,10,17,20,95,Excellent,2024-2025
261,261,دينا إبراهيم,10,10,19,40,8,8,19,19,92,Very Good,2024-2025
262,262,علي فؤاد,10,10,18,40,9,8,18,18,84,Good,2024-2025
263,263,نور إبراهيم,8,10,19,45,10,8,18,20,100,Excellent,2024-2025
264,264,محمد عبدالله,10,10,16,41,9,9,17,19,93,Very Good,2024-2025
265,265,رنا فؤاد,9,10,19,38,8,9,18,18,99,Excellent,2024-2025
266,266,دينا كامل,10,9,19,46,8,10,20,18,100,Excellent,2024-2025
267,267,هبة سعيد,10,8,19,41,9,10,18,20,91,Very Good,2024-2025
268,268,ندى فؤاد,10,9,20,41,9,9,17,19,94,Very Good,2024-2025
269,269,فاطمة عبدالعزيز,8,10,16,41,10,10,20,20,88,Very Good,2024-2025
270,270,ندى فؤاد,9,9,20,41,10,10,19,18,83,Good,2024-2025
271,271,حسن حسن,9,10,17,39,10,8,19,19,86,Very Good,2024-2025
272,272,مصطفى حلمي,8,8,18,38,10,8,20,18,100,Excellent,2024-2025
273,273,سعيد كامل,10,10,16,42,8,9,19,20,94,Very Good,2024-2025
274,274,هبة عبدالعزيز,10,8,17,39,9,8,17,20,95,Excellent,2024-2025
275,275,سارة عبدالعزيز,8,8,16,40,8,10,19,18,97,Excellent,2024-2025
276,276,مصطفى فؤاد,8,8,20,42,10,9,18,20,94,Very Good,2024-2025
277,277,فاطمة عبدالعزيز,8,8,17,42,10,10,17,18,85,Very Good,2024-2025
278,278,هبة حسن,9,9,18,38,9,9,18,18,100,Excellent,2024-2025
279,279,خالد عبدالعزيز,10,9,19,45,8,9,18,19,96,Excellent,2024-2025
280,280,حسن إبراهيم,8,9,16,41,10,8,19,20,88,Very Good,2024-2025
281,281,نور عبدالرحمن,10,10,17,39,9,8,20,20,94,Very Good,2024-2025
282,282,خالد سالم,9,8,19,43,9,9,18,19,81,Good,2024-2025
283,283,علي إبراهيم,9,8,19,38,9,9,18,18,100,Excellent,2024-2025
284,284,دينا عبدالرحمن,8,8,20,39,10,9,18,19,98,Excellent,2024-2025
285,285,فاطمة عبدالرحمن,9,8,19,39,8,8,20,20,99,Excellent,2024-2025
286,286,محمد إبراهيم,9,8,17,45,8,9,18,20,93,Very Good,2024-2025
287,287,محمد سالم,9,10,17,42,10,10,18,19,99,Excellent,2024-2025
288,288,دينا حسن,9,8,18,46,8,9,19,19,90,Very Good,2024-2025
289,289,هبة كامل,8,8,19,46,9,9,19,18,81,Good,2024-2025
290,290,سعيد عبدالرحمن,9,8,17,44,8,10,20,18,97,Excellent,2024-2025
291,291,بسمة سعيد,10,8,18,43,9,10,17,19,100,Excellent,2024-2025
292,292,ندى عبدالرحمن,10,10,16,43,10,8,18,19,94,Very Good,2024-2025
293,293,رنا كامل,10,8,16,44,9,8,20,19,89,Very Good,2024-2025
294,294,أحمد إبراهيم,9,10,20,39,10,10,20,20,98,Excellent,2024-2025
295,295,مصطفى كامل,9,10,17,43,9,8,19,19,85,Very Good,2024-2025
296,296,مصطفى عبدالعزيز,8,9,19,40,10,10,18,18,89,Very Good,2024-2025
297,297,دينا سعيد,9,10,19,41,9,8,20,20,100,Excellent,2024-2025
298,298,ندى عبدالله,8,9,20,41,8,10,20,20,86,Very Good,2024-2025
299,299,دينا عبدالعزيز,8,9,17,41,10,10,19,20,80,Good,2024-2025
300,300,أحمد إبراهيم,10,8,18,38,9,9,19,19,83,Good,2024-2025
301,301,محمد سالم,8,9,17,43,9,8,18,20,96,Excellent,2024-2025
302,302,محمود حلمي,10,8,16,46,10,10,19,20,87,Very Good,2024-2025
303,303,أحمد عبدالله,9,10,16,39,8,10,17,18,81,Good,2024-2025
304,304,نور عبدالرحمن,10,9,17,38,8,8,19,18,86,Very Good,2024-2025
305,305,خالد عبدالعزيز,10,9,19,41,10,9,18,19,98,Excellent,2024-2025
306,306,بسمة حسن,9,9,19,46,9,8,19,19,99,Excellent,2024-2025
307,307,يوسف إبراهيم,9,8,20,44,8,10,20,20,100,Excellent,2024-2025
308,308,فاطمة فؤاد,9,9,20,42,9,10,18,20,94,Very Good,2024-2025
309,309,نور سعيد,8,9,19,42,9,8,17,18,86,Very Good,2024-2025
310,310,هبة عبدالرحمن,10,10,17,40,10,10,20,19,81,Good,2024-2025
311,311,هبة عبدالله,9,9,20,38,10,9,18,18,96,Excellent,2024-2025
312,312,يوسف عبدالرحمن,8,8,17,40,9,10,19,19,86,Very Good,2024-2025
313,313,سعيد حلمي,8,8,20,44,8,8,17,18,91,Very Good,2024-2025
314,314,حسن حلمي,10,8,16,40,10,10,20,19,99,Excellent,2024-2025
315,315,مصطفى كامل,8,8,18,42,8,10,17,18,85,Very Good,2024-2025
316,316,بسمة إبراهيم,10,10,18,39,8,10,17,18,84,Good,2024-2025
317,317,رنا إبراهيم,10,8,20,45,10,10,18,19,98,Excellent,2024-2025
318,318,عمر سالم,8,9,20,38,8,8,17,19,86,Very Good,2024-2025
319,319,سعيد فؤاد,8,8,19,40,10,9,20,20,90,Very Good,2024-2025
320,320,ندى كامل,10,8,19,40,9,8,17,19,99,Excellent,2024-2025
321,321,مريم سعيد,8,9,18,40,8,10,20,18,99,Excellent,2024-2025
322,322,أحمد عبدالله,9,10,17,42,8,9,18,20,99,Excellent,2024-2025
323,323,رنا عبدالله,10,9,20,44,9,9,20,18,95,Excellent,2024-2025
324,324,سارة حلمي,10,9,16,46,10,8,20,18,96,Excellent,2024-2025
325,325,بسمة سالم,9,10,18,40,8,10,18,19,97,Excellent,2024-2025
326,326,مريم إبراهيم,8,10,18,45,10,8,20,19,99,Excellent,2024-2025
327,327,محمود حسن,9,10,19,40,8,10,20,19,92,Very Good,2024-2025
328,328,علي عبدالعزيز,8,9,19,46,9,9,19,20,84,Good,2024-2025
329,329,علي حسن,9,10,18,43,10,9,18,20,92,Very Good,2024-2025
330,330,خالد فؤاد,8,9,18,46,10,10,19,18,98,Excellent,2024-2025
331,331,أحمد حسن,10,8,16,42,9,8,18,20,80,Good,2024-2025
332,332,آية إبراهيم,10,10,17,42,8,10,18,20,87,Very Good,2024-2025
333,333,خالد إبراهيم,10,10,18,40,9,10,17,18,97,Excellent,2024-2025
334,334,يوسف حسن,10,10,18,41,8,10,18,18,94,Very Good,2024-2025
335,335,سعيد حلمي,9,10,16,42,10,8,19,18,94,Very Good,2024-2025
336,336,محمد سالم,10,9,17,41,9,9,19,20,90,Very Good,2024-2025
337,337,فاطمة عبدالرحمن,10,10,20,45,9,9,20,18,81,Good,2024-2025
338,338,دينا سعيد,8,9,20,38,9,8,20,20,86,Very Good,2024-2025
339,339,سارة حلمي,10,8,19,40,8,8,19,20,83,Good,2024-2025
340,340,آية عبدالله,9,10,19,41,10,8,17,18,90,Very Good,2024-2025
341,341,آية عبدالرحمن,8,8,16,39,8,9,17,20,88,Very Good,2024-2025
342,342,حسن عبدالرحمن,9,10,19,43,10,8,20,19,82,Good,2024-2025
343,343,دينا عبدالعزيز,8,9,18,41,8,9,19,18,85,Very Good,2024-2025
344,344,دينا سعيد,10,10,18,41,9,8,19,20,97,Excellent,2024-2025
345,345,رنا فؤاد,8,10,20,42,8,10,19,20,99,Excellent,2024-2025
346,346,عمر عبدالله,8,10,20,39,8,10,19,20,95,Excellent,2024-2025
347,347,رنا عبدالرحمن,10,9,20,44,9,9,19,18,92,Very Good,2024-2025
348,348,حسن كامل,9,10,16,42,9,10,17,19,93,Very Good,2024-2025
349,349,نور عبدالرحمن,9,8,20,38,8,10,19,19,86,Very Good,2024-2025
350,350,نور كامل,9,9,17,46,8,10,19,20,96,Excellent,2024-2025
351,351,سعيد حلمي,10,9,17,45,8,9,20,18,82,Good,2024-2025
352,352,آية سالم,8,8,16,42,10,8,18,20,96,Excellent,2024-2025
353,353,سارة فؤاد,10,9,20,46,10,9,20,19,95,Excellent,2024-2025
354,354,نور كامل,10,8,17,40,9,10,17,19,85,Very Good,2024-2025
355,355,رنا حسن,9,9,20,40,8,9,19,18,88,Very Good,2024-2025
356,356,ندى عبدالله,9,10,17,43,9,8,17,20,86,Very Good,2024-2025
357,357,هبة سالم,8,9,16,41,10,10,19,20,96,Excellent,2024-2025
358,358,محمود إبراهيم,9,9,17,45,9,8,20,20,90,Very Good,2024-2025
359,359,محمود حلمي,9,9,18,40,9,10,17,18,90,Very Good,2024-2025
360,360,آية حلمي,9,9,16,43,10,9,20,18,88,Very Good,2024-2025
361,361,بسمة عبدالرحمن,10,8,16,42,9,9,20,20,98,Excellent,2024-2025
362,362,خالد كامل,8,8,19,41,9,9,18,20,99,Excellent,2024-2025
363,363,عمر إبراهيم,8,10,17,38,8,8,18,19,85,Very Good,2024-2025
364,364,محمد عبدالعزيز,9,9,16,45,8,9,19,19,87,Very Good,2024-2025
365,365,محمود حسن,10,9,18,46,8,10,20,20,85,Very Good,2024-2025
366,366,نور عبدالله,10,10,18,42,10,9,19,20,88,Very Good,2024-2025
367,367,بسمة حسن,10,8,16,41,10,9,19,18,88,Very Good,2024-2025
368,368,أحمد عبدالرحمن,9,8,17,40,10,9,19,20,95,Excellent,2024-2025
369,369,عمر عبدالله,10,9,19,46,9,9,17,18,82,Good,2024-2025
370,370,فاطمة عبدالله,8,8,19,46,8,9,17,18,86,Very Good,2024-2025
371,371,سعيد عبدالعزيز,8,9,19,38,9,8,17,18,86,Very Good,2024-2025
372,372,حسن حسن,8,8,20,44,9,8,18,18,90,Very Good,2024-2025
373,373,سارة سالم,8,9,17,41,9,10,20,18,97,Excellent,2024-2025
374,374,حسن سعيد,9,8,17,41,10,9,18,19,89,Very Good,2024-2025
375,375,محمود عبدالرحمن,10,8,17,44,9,8,20,18,85,Very Good,2024-2025
376,376,يوسف عبدالله,10,8,19,45,10,10,19,20,87,Very Good,2024-2025
377,377,نور حلمي,9,10,19,42,9,8,19,20,90,Very Good,2024-2025
378,378,حسن إبراهيم,10,8,18,44,8,8,19,20,91,Very Good,2024-2025
379,379,مصطفى حسن,9,8,17,45,9,10,19,20,95,Excellent,2024-2025
380,380,بسمة سعيد,9,9,18,39,9,8,19,18,93,Very Good,2024-2025
381,381,هبة عبدالرحمن,8,8,20,38,10,10,17,19,99,Excellent,2024-2025
382,382,علي عبدالرحمن,9,9,20,42,8,8,20,20,89,Very Good,2024-2025
383,383,مصطفى عبدالله,9,10,17,39,10,9,20,19,96,Excellent,2024-2025
384,384,فاطمة فؤاد,9,8,20,43,8,10,17,18,83,Good,2024-2025
385,385,نور حسن,9,9,18,41,9,10,17,18,86,Very Good,2024-2025
386,386,خالد إبراهيم,9,10,19,39,10,9,18,19,85,Very Good,2024-2025
387,387,مصطفى سعيد,8,10,16,42,8,8,18,19,99,Excellent,2024-2025
388,388,علي حسن,9,8,16,40,10,9,19,18,88,Very Good,2024-2025
389,389,نور عبدالعزيز,9,10,17,42,9,8,19,18,93,Very Good,2024-2025
390,390,بسمة إبراهيم,9,10,19,38,8,9,19,19,97,Excellent,2024-2025
391,391,محمود حلمي,10,10,19,43,8,10,20,18,84,Good,2024-2025
392,392,مريم عبدالرحمن,9,8,18,44,10,10,19,19,93,Very Good,2024-2025
393,393,محمود سعيد,8,8,19,45,8,8,19,20,100,Excellent,2024-2025
394,394,محمد عبدالعزيز,10,9,18,43,9,10,19,18,87,Very Good,2024-2025
395,395,خالد عبدالعزيز,10,8,16,44,8,8,18,18,88,Very Good,2024-2025
396,396,يوسف إبراهيم,10,10,18,39,8,8,20,20,91,Very Good,2024-2025
397,397,سعيد سعيد,9,9,16,39,8,9,18,20,95,Excellent,2024-2025
398,398,هبة فؤاد,9,9,18,46,9,8,20,19,93,Very Good,2024-2025
399,399,بسمة إبراهيم,9,8,19,43,8,10,18,20,92,Very Good,2024-2025
400,400,فاطمة سعيد,9,9,20,45,8,9,20,20,95,Excellent,2024-2025
401,401,سارة سالم,10,8,17,46,8,8,18,18,95,Excellent,2024-2025
402,402,مريم حلمي,10,8,19,42,9,8,19,18,80,Good,2024-2025
403,403,سعيد عبدالله,9,8,20,41,9,8,18,20,89,Very Good,2024-2025
404,404,سعيد عبدالعزيز,8,9,18,39,9,9,17,20,98,Excellent,2024-2025
405,405,مريم سعيد,10,8,16,44,10,10,17,20,84,Good,2024-2025
406,406,هبة عبدالرحمن,10,8,19,40,8,10,17,18,83,Good,2024-2025
407,407,رنا عبدالرحمن,8,10,19,43,8,8,19,20,90,Very Good,2024-2025
408,408,نور حلمي,10,8,17,43,8,8,18,18,81,Good,2024-2025
409,409,سارة عبدالعزيز,8,8,19,44,8,10,19,20,93,Very Good,2024-2025
410,410,محمد عبدالعزيز,9,8,20,46,8,9,19,18,97,Excellent,2024-2025
411,411,مصطفى عبدالعزيز,8,10,16,45,8,8,20,19,100,Excellent,2024-2025
412,412,يوسف عبدالعزيز,10,10,20,45,10,8,19,19,89,Very Good,2024-2025
413,413,آية حلمي,10,9,16,43,10,10,20,18,83,Good,2024-2025
414,414,محمود حلمي,10,9,18,45,10,8,18,18,100,Excellent,2024-2025
415,415,مريم فؤاد,8,8,17,42,9,8,18,19,92,Very Good,2024-2025
416,416,بسمة عبدالله,8,9,20,41,8,10,18,19,97,Excellent,2024-2025
417,417,خالد عبدالرحمن,9,10,17,40,8,10,18,20,98,Excellent,2024-2025
418,418,دينا عبدالله,9,9,16,39,10,8,18,18,100,Excellent,2024-2025
419,419,عمر عبدالعزيز,9,9,20,45,8,9,18,19,100,Excellent,2024-2025
420,420,سعيد إبراهيم,10,8,20,40,10,10,17,19,86,Very Good,2024-2025
421,421,دينا فؤاد,8,10,20,41,9,9,20,20,90,Very Good,2024-2025
422,422,خالد عبدالعزيز,9,8,17,42,9,9,17,20,85,Very Good,2024-2025
423,423,محمود سعيد,10,10,16,45,9,9,18,18,90,Very Good,2024-2025
424,424,سعيد سعيد,8,8,17,41,10,8,18,19,92,Very Good,2024-2025
425,425,يوسف عبدالله,8,10,19,43,9,10,19,20,90,Very Good,2024-2025
426,426,سارة حلمي,10,9,17,38,8,8,20,18,81,Good,2024-2025
427,427,رنا حسن,9,9,17,43,9,9,17,18,88,Very Good,2024-2025
428,428,مريم سالم,9,9,16,42,10,8,20,19,98,Excellent,2024-2025
429,429,حسن سعيد,10,8,19,43,8,10,19,18,87,Very Good,2024-2025
430,430,هبة فؤاد,10,9,17,43,9,9,17,18,95,Excellent,2024-2025
431,431,آية سالم,9,10,19,45,10,9,17,20,87,Very Good,2024-2025
432,432,آية عبدالرحمن,8,10,17,42,9,8,20,19,98,Excellent,2024-2025
433,433,سارة عبدالرحمن,8,10,18,41,8,8,17,18,89,Very Good,2024-2025
434,434,مريم عبدالله,10,10,20,45,10,9,20,19,84,Good,2024-2025
435,435,علي حلمي,10,10,18,40,10,10,20,18,87,Very Good,2024-2025
436,436,ندى فؤاد,9,8,19,42,10,10,19,18,100,Excellent,2024-2025
437,437,علي سعيد,10,8,20,46,10,8,20,19,81,Good,2024-2025
438,438,سارة عبدالله,9,8,18,44,8,9,18,18,89,Very Good,2024-2025
439,439,مريم حسن,10,9,17,38,10,8,18,18,91,Very Good,2024-2025
440,440,آية سعيد,10,9,19,41,9,8,17,19,93,Very Good,2024-2025
441,441,محمود حلمي,10,8,18,44,10,9,18,18,87,Very Good,2024-2025
442,442,سعيد فؤاد,8,10,20,41,10,10,19,19,98,Excellent,2024-2025
443,443,سعيد سالم,10,9,19,46,8,8,19,20,92,Very Good,2024-2025
444,444,علي حلمي,9,8,18,38,8,10,20,19,88,Very Good,2024-2025
445,445,سارة عبدالعزيز,8,10,16,42,10,8,19,18,94,Very Good,2024-2025
446,446,رنا حسن,10,9,17,38,8,8,17,19,91,Very Good,2024-2025
447,447,هبة كامل,9,9,19,46,10,9,20,19,96,Excellent,2024-2025
448,448,بسمة عبدالعزيز,8,9,20,41,8,8,17,19,98,Excellent,2024-2025
449,449,عمر كامل,10,9,19,42,9,9,20,20,87,Very Good,2024-2025
450,450,فاطمة حسن,9,9,16,41,10,8,19,20,80,Good,2024-2025
451,451,سارة عبدالعزيز,9,8,18,38,10,9,18,20,86,Very Good,2024-2025
452,452,محمود عبدالرحمن,8,8,17,42,10,8,17,20,87,Very Good,2024-2025
453,453,هبة عبدالله,8,8,16,40,8,9,20,18,87,Very Good,2024-2025
454,454,يوسف عبدالله,9,9,19,38,10,8,20,18,93,Very Good,2024-2025
455,455,ندى كامل,9,10,17,38,9,9,19,20,95,Excellent,2024-2025
456,456,مريم عبدالعزيز,8,9,20,39,8,10,19,20,96,Excellent,2024-2025
457,457,سارة سعيد,9,8,19,44,8,9,17,18,84,Good,2024-2025
458,458,مصطفى سالم,10,9,19,42,9,8,19,20,84,Good,2024-2025
459,459,دينا عبدالله,8,10,18,44,10,8,17,19,90,Very Good,2024-2025
460,460,فاطمة فؤاد,8,8,16,43,8,8,20,18,95,Excellent,2024-2025
461,461,محمود عبدالرحمن,9,8,18,45,10,10,17,20,84,Good,2024-2025
462,462,مصطفى كامل,10,8,17,39,9,10,20,18,98,Excellent,2024-2025
463,463,فاطمة حسن,8,8,20,38,10,10,17,18,100,Excellent,2024-2025
464,464,هبة حلمي,9,10,19,41,10,8,19,18,99,Excellent,2024-2025
465,465,حسن حلمي,8,10,19,38,10,10,18,18,82,Good,2024-2025
466,466,خالد سالم,9,10,18,44,8,8,20,19,84,Good,2024-2025
467,467,ندى إبراهيم,9,9,19,45,9,9,20,20,87,Very Good,2024-2025
468,468,بسمة عبدالله,10,9,20,43,9,8,19,19,86,Very Good,2024-2025
469,469,علي عبدالرحمن,9,10,16,39,9,8,20,18,94,Very Good,2024-2025
470,470,دينا سالم,8,8,17,40,9,9,18,19,81,Good,2024-2025
471,471,هبة فؤاد,8,8,16,44,10,8,20,20,89,Very Good,2024-2025
472,472,ندى سالم,8,9,18,42,9,10,17,19,87,Very Good,2024-2025
473,473,عمر عبدالعزيز,8,8,17,40,9,9,18,20,99,Excellent,2024-2025
474,474,هبة فؤاد,10,9,19,42,10,10,17,20,95,Excellent,2024-2025
475,475,محمد كامل,9,10,16,42,9,9,17,18,82,Good,2024-2025
476,476,علي فؤاد,10,10,17,41,9,9,20,19,84,Good,2024-2025
477,477,آية عبدالرحمن,8,10,19,40,10,10,17,18,95,Excellent,2024-2025
478,478,مصطفى إبراهيم,9,8,19,42,8,9,19,18,99,Excellent,2024-2025
479,479,محمود سالم,10,8,16,38,10,10,20,18,87,Very Good,2024-2025
480,480,سعيد عبدالعزيز,10,9,19,38,8,8,17,18,81,Good,2024-2025
481,481,سارة عبدالرحمن,8,9,20,39,8,10,20,19,99,Excellent,2024-2025
482,482,دينا عبدالرحمن,9,9,16,40,8,10,19,18,94,Very Good,2024-2025
483,483,ندى عبدالله,9,9,16,42,9,8,19,19,100,Excellent,2024-2025
484,484,ندى عبدالعزيز,9,8,20,42,8,10,18,18,81,Good,2024-2025
485,485,بسمة عبدالرحمن,9,9,19,46,10,10,18,20,94,Very Good,2024-2025
486,486,آية سالم,8,9,17,39,8,8,18,18,95,Excellent,2024-2025
487,487,آية حلمي,10,10,17,38,8,9,19,18,98,Excellent,2024-2025
488,488,رنا سالم,10,10,20,41,9,8,20,20,89,Very Good,2024-2025
489,489,أحمد سعيد,9,10,20,40,10,9,18,20,90,Very Good,2024-2025
490,490,ندى كامل,8,10,19,42,10,10,20,20,98,Excellent,2024-2025
491,491,سارة فؤاد,10,10,17,43,10,9,20,19,89,Very Good,2024-2025
492,492,علي سالم,9,8,19,46,10,8,20,18,86,Very Good,2024-2025
493,493,رنا عبدالله,8,10,16,40,9,9,17,18,85,Very Good,2024-2025
494,494,يوسف حسن,10,10,16,38,9,8,17,18,91,Very Good,2024-2025
495,495,يوسف حسن,9,10,16,43,8,10,18,19,85,Very Good,2024-2025
496,496,بسمة حسن,9,9,18,41,10,10,19,18,80,Good,2024-2025
497,497,فاطمة عبدالله,8,9,20,42,10,10,20,18,99,Excellent,2024-2025
498,498,محمود سعيد,9,10,17,39,9,10,20,18,95,Excellent,2024-2025
499,499,دينا كامل,8,9,17,40,8,8,20,18,99,Excellent,2024-2025
500,500,فاطمة إبراهيم,9,9,20,43,8,10,18,20,89,Very Good,2024-2025
501,501,حسن عبدالله,8,9,19,40,9,10,19,18,95,Excellent,2024-2025
502,502,يوسف عبدالله,10,8,18,42,10,10,18,20,98,Excellent,2024-2025
503,503,مريم فؤاد,8,10,18,44,9,10,19,19,91,Very Good,2024-2025
504,504,سعيد حسن,10,8,20,38,10,9,20,19,86,Very Good,2024-2025
505,505,محمد عبدالله,9,9,18,42,8,9,19,18,90,Very Good,2024-2025
506,506,محمود إبراهيم,8,10,19,46,10,9,17,20,83,Good,2024-2025
507,507,عمر عبدالرحمن,10,10,19,46,10,8,20,19,96,Excellent,2024-2025
508,508,نور عبدالله,8,8,20,39,10,8,19,19,100,Excellent,2024-2025
509,509,محمود سالم,8,8,20,46,9,8,19,20,97,Excellent,2024-2025
510,510,فاطمة سالم,8,8,19,41,10,10,17,19,93,Very Good,2024-2025
511,511,بسمة كامل,9,10,17,41,10,10,18,18,92,Very Good,2024-2025
512,512,بسمة إبراهيم,8,8,18,45,9,8,17,19,85,Very Good,2024-2025
513,513,ندى كامل,9,9,19,38,10,8,18,19,86,Very Good,2024-2025
514,514,آية سعيد,9,10,18,39,9,8,19,19,80,Good,2024-2025
515,515,نور سعيد,10,8,20,39,10,10,17,20,98,Excellent,2024-2025
516,516,حسن عبدالعزيز,8,8,20,39,8,10,18,18,83,Good,2024-2025
517,517,هبة عبدالعزيز,9,8,17,39,10,9,18,19,85,Very Good,2024-2025
518,518,نور عبدالله,9,8,17,44,8,9,18,20,92,Very Good,2024-2025
519,519,بسمة حسن,8,9,18,40,8,10,17,19,81,Good,2024-2025
520,520,مصطفى سالم,9,10,19,38,8,10,18,19,84,Good,2024-2025
521,521,بسمة حلمي,8,8,16,38,10,9,17,18,94,Very Good,2024-2025
522,522,مريم سعيد,9,10,17,45,10,8,17,20,97,Excellent,2024-2025
523,523,رنا إبراهيم,10,8,17,43,9,9,19,20,92,Very Good,2024-2025
524,524,عمر عبدالرحمن,10,10,16,44,9,10,18,19,83,Good,2024-2025
525,525,ندى حلمي,9,10,16,41,8,8,18,19,87,Very Good,2024-2025
526,526,نور فؤاد,8,8,18,42,8,10,19,18,92,Very Good,2024-2025
527,527,ندى عبدالرحمن,10,10,17,43,10,10,18,19,91,Very Good,2024-2025
528,528,محمد عبدالعزيز,9,9,18,41,10,8,20,19,82,Good,2024-2025
529,529,يوسف عبدالعزيز,10,9,20,43,9,10,17,19,99,Excellent,2024-2025
530,530,دينا سعيد,10,8,18,45,8,10,17,18,86,Very Good,2024-2025
531,531,محمد سالم,8,8,17,39,8,9,19,19,84,Good,2024-2025
532,532,دينا كامل,8,10,16,44,10,9,17,19,99,Excellent,2024-2025
533,533,فاطمة عبدالعزيز,10,9,18,44,8,9,18,20,87,Very Good,2024-2025
534,534,رنا كامل,10,8,19,41,10,8,19,20,86,Very Good,2024-2025
535,535,مصطفى حلمي,10,9,16,44,8,10,18,20,80,Good,2024-2025
536,536,سارة عبدالله,10,9,18,44,9,8,18,19,91,Very Good,2024-2025
537,537,محمود سعيد,10,9,16,41,8,10,17,18,93,Very Good,2024-2025
538,538,فاطمة كامل,9,9,16,43,9,8,18,18,95,Excellent,2024-2025
539,539,محمد عبدالله,9,9,18,45,10,9,19,20,81,Good,2024-2025
540,540,هبة إبراهيم,10,9,17,44,8,10,17,20,91,Very Good,2024-2025
541,541,حسن حسن,8,10,18,44,9,10,17,19,80,Good,2024-2025
542,542,سعيد عبدالرحمن,9,10,18,43,10,8,20,18,82,Good,2024-2025
543,543,مصطفى إبراهيم,9,10,16,38,10,9,18,19,83,Good,2024-2025
544,544,أحمد فؤاد,10,8,19,39,9,10,20,18,84,Good,2024-2025
545,545,هبة عبدالعزيز,8,10,18,43,8,8,20,19,99,Excellent,2024-2025
546,546,أحمد حسن,8,9,18,42,8,8,18,20,89,Very Good,2024-2025
547,547,هبة عبدالله,8,9,18,46,10,9,17,19,89,Very Good,2024-2025
548,548,سعيد سالم,10,8,19,46,10,10,19,19,100,Excellent,2024-2025
549,549,محمد فؤاد,10,8,17,42,9,10,20,20,84,Good,2024-2025
550,550,مصطفى عبدالله,10,9,17,38,10,9,18,18,81,Good,2024-2025
551,551,سعيد كامل,9,10,20,38,8,9,18,20,99,Excellent,2024-2025
552,552,عمر فؤاد,9,9,17,46,8,8,18,20,81,Good,2024-2025
553,553,علي حسن,9,9,17,46,9,9,17,18,91,Very Good,2024-2025
554,554,محمد إبراهيم,9,10,18,43,10,10,18,19,85,Very Good,2024-2025
555,555,بسمة حلمي,8,10,16,42,10,10,18,19,99,Excellent,2024-2025
556,556,هبة عبدالرحمن,9,10,16,45,10,8,20,18,90,Very Good,2024-2025
557,557,عمر حسن,9,9,18,45,10,8,18,19,99,Excellent,2024-2025
558,558,يوسف كامل,8,9,16,43,8,10,18,18,85,Very Good,2024-2025
559,559,علي عبدالله,10,8,20,44,8,9,18,20,84,Good,2024-2025
560,560,مصطفى عبدالرحمن,8,10,17,41,10,10,17,20,89,Very Good,2024-2025
561,561,آية عبدالله,8,10,19,41,9,10,18,18,98,Excellent,2024-2025
562,562,عمر حلمي,8,8,18,39,9,8,20,19,80,Good,2024-2025
563,563,عمر حسن,10,8,17,40,10,9,19,19,95,Excellent,2024-2025
564,564,حسن فؤاد,8,10,19,46,9,10,18,18,81,Good,2024-2025
565,565,نور فؤاد,8,9,20,44,10,10,18,18,89,Very Good,2024-2025
566,566,يوسف كامل,10,8,20,40,10,8,17,19,99,Excellent,2024-2025
567,567,نور عبدالعزيز,10,8,19,41,8,8,20,18,98,Excellent,2024-2025
568,568,سارة فؤاد,10,10,16,42,10,10,18,19,80,Good,2024-2025
569,569,سعيد إبراهيم,8,8,16,41,9,9,19,20,99,Excellent,2024-2025
570,570,يوسف سعيد,10,9,16,46,10,9,19,20,97,Excellent,2024-2025
571,571,علي عبدالرحمن,10,8,19,43,10,10,17,20,87,Very Good,2024-2025
572,572,هبة عبدالله,8,8,16,42,9,10,18,20,85,Very Good,2024-2025
573,573,رنا فؤاد,9,8,17,39,9,9,18,19,87,Very Good,2024-2025
574,574,حسن سالم,9,8,20,44,9,8,19,20,100,Excellent,2024-2025
575,575,بسمة فؤاد,9,8,16,39,10,8,20,19,100,Excellent,2024-2025
576,576,هبة فؤاد,8,9,18,38,8,8,17,19,84,Good,2024-2025
577,577,نور سالم,9,9,17,40,9,10,17,18,80,Good,2024-2025
578,578,علي فؤاد,8,9,18,41,9,8,17,19,98,Excellent,2024-2025
579,579,عمر فؤاد,8,10,19,38,8,9,20,19,88,Very Good,2024-2025
580,580,نور سعيد,10,8,18,45,9,9,20,20,95,Excellent,2024-2025
581,581,نور فؤاد,9,9,18,43,8,8,20,18,98,Excellent,2024-2025
582,582,عمر فؤاد,10,10,16,39,10,8,17,20,86,Very Good,2024-2025
583,583,فاطمة عبدالعزيز,10,10,17,39,8,10,19,20,90,Very Good,2024-2025
584,584,مصطفى حلمي,10,10,20,42,10,8,19,19,86,Very Good,2024-2025
585,585,محمد سعيد,10,8,17,41,9,8,18,18,87,Very Good,2024-2025
586,586,حسن عبدالرحمن,9,8,20,39,9,10,17,18,90,Very Good,2024-2025
587,587,رنا سالم,9,10,20,45,10,8,20,18,100,Excellent,2024-2025
588,588,حسن سعيد,8,10,18,43,10,8,17,18,93,Very Good,2024-2025
589,589,رنا إبراهيم,8,9,17,45,8,8,20,18,92,Very Good,2024-2025
590,590,سارة عبدالعزيز,9,10,20,43,9,10,20,19,96,Excellent,2024-2025
591,591,حسن حسن,10,10,18,45,9,10,19,19,89,Very Good,2024-2025
592,592,مريم سالم,9,10,20,40,10,8,18,18,93,Very Good,2024-2025
593,593,هبة فؤاد,8,10,16,42,8,9,17,20,86,Very Good,2024-2025
594,594,فاطمة حلمي,10,9,17,39,10,8,18,19,91,Very Good,2024-2025
595,595,ندى حسن,8,9,16,42,9,8,20,18,95,Excellent,2024-2025
596,596,مصطفى عبدالرحمن,10,8,18,42,10,8,19,19,96,Excellent,2024-2025
597,597,دينا فؤاد,8,10,16,42,8,10,19,18,84,Good,2024-2025
598,598,نور فؤاد,10,9,17,43,9,10,20,19,94,Very Good,2024-2025
599,599,مريم عبدالله,10,9,16,41,9,10,17,19,91,Very Good,2024-2025
600,600,آية سعيد,10,8,18,42,10,9,20,18,86,Very Good,2024-2025
601,601,محمد سالم,9,9,16,42,8,10,19,20,84,Good,2024-2025
602,602,علي عبدالرحمن,8,10,17,44,8,9,17,18,85,Very Good,2024-2025
603,603,ندى عبدالعزيز,8,9,19,42,9,8,17,20,80,Good,2024-2025
604,604,مريم عبدالرحمن,9,9,17,45,10,9,18,20,100,Excellent,2024-2025
605,605,فاطمة عبدالرحمن,8,9,19,44,9,8,20,19,90,Very Good,2024-2025
606,606,نور فؤاد,10,10,19,39,10,10,19,19,82,Good,2024-2025
607,607,مصطفى حسن,9,9,16,46,8,10,17,19,91,Very Good,2024-2025
608,608,سعيد عبدالرحمن,10,8,20,39,9,8,17,18,84,Good,2024-2025
609,609,ندى سالم,9,9,16,46,9,9,20,18,83,Good,2024-2025
610,610,يوسف سعيد,9,10,17,40,10,9,20,18,82,Good,2024-2025
611,611,سعيد عبدالعزيز,8,8,19,43,10,10,17,18,81,Good,2024-2025
612,612,فاطمة عبدالعزيز,9,9,17,44,10,8,17,20,81,Good,2024-2025
613,613,رنا عبدالرحمن,8,10,18,38,10,8,17,18,94,Very Good,2024-2025
614,614,عمر كامل,10,9,20,46,9,9,19,19,95,Excellent,2024-2025
615,615,ندى عبدالرحمن,8,8,20,40,9,8,18,18,96,Excellent,2024-2025
616,616,مريم سعيد,9,9,20,38,10,9,20,18,83,Good,2024-2025
617,617,محمود عبدالرحمن,10,10,17,39,8,10,17,18,91,Very Good,2024-2025
618,618,نور عبدالعزيز,10,9,19,39,10,8,18,20,92,Very Good,2024-2025
619,619,فاطمة سعيد,9,10,16,43,8,8,17,20,88,Very Good,2024-2025
620,620,هبة كامل,10,10,19,45,8,9,18,19,81,Good,2024-2025
621,621,فاطمة إبراهيم,10,10,20,44,9,8,17,20,95,Excellent,2024-2025
622,622,دينا سالم,8,8,18,46,8,10,17,20,86,Very Good,2024-2025
623,623,حسن سعيد,9,9,17,39,8,8,17,19,87,Very Good,2024-2025
624,624,سارة إبراهيم,9,9,19,46,8,10,17,20,80,Good,2024-2025
625,625,نور فؤاد,10,10,19,45,10,10,19,19,96,Excellent,2024-2025
626,626,مصطفى فؤاد,10,10,19,46,10,9,18,18,91,Very Good,2024-2025
627,627,سارة حلمي,8,9,20,42,8,10,18,18,95,Excellent,2024-2025
628,628,خالد حلمي,8,9,16,43,8,9,18,20,81,Good,2024-2025
629,629,مريم كامل,10,10,19,43,8,9,20,18,96,Excellent,2024-2025
630,630,نور كامل,9,9,18,44,10,9,17,18,88,Very Good,2024-2025
631,631,علي عبدالرحمن,8,8,16,41,8,9,17,19,82,Good,2024-2025
632,632,فاطمة عبدالله,10,9,19,39,9,10,20,20,92,Very Good,2024-2025
633,633,سعيد عبدالرحمن,10,8,18,45,9,8,18,18,82,Good,2024-2025
634,634,محمد حسن,10,8,18,41,9,9,20,18,84,Good,2024-2025
635,635,عمر حسن,8,9,17,42,10,9,17,20,81,Good,2024-2025
636,636,حسن حلمي,8,9,19,41,10,9,20,19,91,Very Good,2024-2025
637,637,أحمد سالم,9,10,19,38,10,8,17,18,85,Very Good,2024-2025
638,638,فاطمة عبدالرحمن,8,9,18,44,9,10,17,19,92,Very Good,2024-2025
639,639,محمود عبدالرحمن,10,10,16,46,8,9,20,20,82,Good,2024-2025
640,640,محمود كامل,10,8,18,39,10,9,18,19,88,Very Good,2024-2025
641,641,يوسف عبدالرحمن,8,10,17,43,10,8,20,18,84,Good,2024-2025
642,642,محمود سالم,10,10,19,38,9,9,20,18,94,Very Good,2024-2025
643,643,ندى فؤاد,10,10,18,42,9,9,19,19,96,Excellent,2024-2025
644,644,آية عبدالله,9,9,16,45,10,10,20,20,100,Excellent,2024-2025
645,645,حسن عبدالرحمن,10,10,17,42,10,10,17,18,84,Good,2024-2025
646,646,آية حلمي,9,8,16,40,10,9,18,20,80,Good,2024-2025
647,647,هبة كامل,9,8,18,39,10,10,20,19,83,Good,2024-2025
648,648,محمد إبراهيم,8,9,20,42,10,8,20,20,95,Excellent,2024-2025
649,649,عمر عبدالرحمن,9,10,18,44,9,10,19,20,81,Good,2024-2025
650,650,محمد عبدالرحمن,10,8,16,40,8,9,18,19,86,Very Good,2024-2025
651,651,يوسف عبدالله,8,10,18,41,10,8,20,20,90,Very Good,2024-2025
652,652,عمر فؤاد,9,9,17,42,10,10,19,18,81,Good,2024-2025
653,653,دينا كامل,10,10,19,39,9,8,18,20,98,Excellent,2024-2025
654,654,خالد عبدالرحمن,10,9,16,40,8,8,19,19,87,Very Good,2024-2025
655,655,سعيد سعيد,9,9,16,45,9,8,17,20,87,Very Good,2024-2025
656,656,سارة كامل,8,8,17,38,10,10,17,18,91,Very Good,2024-2025
657,657,حسن سالم,8,8,16,44,10,8,20,20,86,Very Good,2024-2025
658,658,خالد فؤاد,8,8,19,44,9,8,17,18,84,Good,2024-2025
659,659,رنا حلمي,10,9,16,38,8,8,18,19,98,Excellent,2024-2025
660,660,محمد حسن,8,8,18,38,8,8,18,20,98,Excellent,2024-2025
661,661,فاطمة حلمي,10,9,16,43,10,10,17,20,83,Good,2024-2025
662,662,فاطمة إبراهيم,8,9,18,44,10,10,18,19,96,Excellent,2024-2025
663,663,يوسف عبدالرحمن,8,9,20,40,9,9,17,20,92,Very Good,2024-2025
664,664,خالد فؤاد,8,8,18,44,9,9,19,20,93,Very Good,2024-2025
665,665,خالد كامل,10,9,18,40,9,8,19,18,91,Very Good,2024-2025
666,666,سعيد عبدالرحمن,9,9,19,43,10,9,20,20,96,Excellent,2024-2025
667,667,سعيد عبدالعزيز,9,9,20,43,9,10,20,20,97,Excellent,2024-2025
668,668,آية فؤاد,10,8,19,42,9,8,17,20,91,Very Good,2024-2025
669,669,يوسف سالم,10,8,16,46,8,9,19,19,90,Very Good,2024-2025
670,670,يوسف عبدالعزيز,9,10,18,45,9,9,19,19,95,Excellent,2024-2025
671,671,رنا سعيد,10,10,20,40,9,9,20,19,83,Good,2024-2025
672,672,محمود حلمي,9,9,16,43,8,9,18,19,98,Excellent,2024-2025
673,673,سعيد حلمي,10,10,17,42,9,9,18,19,98,Excellent,2024-2025
674,674,سعيد حسن,10,9,16,43,8,10,19,19,84,Good,2024-2025
675,675,آية عبدالله,8,10,18,40,9,8,18,19,100,Excellent,2024-2025
676,676,يوسف عبدالرحمن,9,10,16,39,10,10,18,18,89,Very Good,2024-2025
677,677,هبة عبدالله,8,8,19,40,9,10,18,18,85,Very Good,2024-2025
678,678,نور عبدالعزيز,8,9,20,42,10,8,20,19,84,Good,2024-2025
679,679,نور إبراهيم,10,10,18,42,10,9,20,19,99,Excellent,2024-2025
680,680,نور عبدالرحمن,10,9,17,41,8,10,19,20,89,Very Good,2024-2025
681,681,علي حلمي,8,9,16,40,9,9,18,18,83,Good,2024-2025
682,682,محمد سالم,8,8,17,44,10,9,18,20,96,Excellent,2024-2025
683,683,مصطفى حسن,10,9,17,46,9,8,17,19,92,Very Good,2024-2025
684,684,خالد كامل,9,8,16,40,9,8,18,19,81,Good,2024-2025
685,685,آية حسن,8,10,20,43,8,9,20,20,95,Excellent,2024-2025
686,686,خالد عبدالله,10,8,16,45,8,9,17,18,94,Very Good,2024-2025
687,687,حسن عبدالله,9,8,18,39,8,8,17,20,88,Very Good,2024-2025
688,688,محمود سالم,10,8,20,38,10,10,19,18,86,Very Good,2024-2025
689,689,سعيد حلمي,9,10,20,44,8,10,20,18,88,Very Good,2024-2025
690,690,حسن فؤاد,9,9,20,42,9,9,19,20,82,Good,2024-2025
691,691,دينا فؤاد,10,10,20,42,10,10,19,19,91,Very Good,2024-2025
692,692,رنا حلمي,10,9,16,45,9,10,19,19,80,Good,2024-2025
693,693,محمود سعيد,9,8,19,45,10,9,18,19,84,Good,2024-2025
694,694,سعيد فؤاد,10,8,16,42,8,9,18,19,84,Good,2024-2025
695,695,محمد عبدالرحمن,9,8,18,44,9,10,17,19,82,Good,2024-2025
696,696,حسن فؤاد,9,9,18,45,8,9,17,20,89,Very Good,2024-2025
697,697,فاطمة إبراهيم,8,10,19,45,9,8,20,20,88,Very Good,2024-2025
698,698,يوسف عبدالرحمن,8,8,20,42,10,8,18,20,83,Good,2024-2025
699,699,بسمة عبدالله,8,9,18,43,8,8,18,19,90,Very Good,2024-2025
700,700,سعيد حلمي,8,10,20,43,8,10,18,19,81,Good,2024-2025
701,701,دينا حسن,8,8,19,45,10,9,19,20,88,Very Good,2024-2025
702,702,نور حسن,10,8,17,45,8,10,19,19,97,Excellent,2024-2025
703,703,سعيد حلمي,10,8,20,40,10,10,20,20,83,Good,2024-2025
704,704,يوسف عبدالله,10,10,20,42,10,10,18,20,91,Very Good,2024-2025
705,705,سعيد حلمي,10,8,19,39,10,9,17,20,90,Very Good,2024-2025
706,706,محمود سالم,10,9,17,45,10,10,18,20,94,Very Good,2024-2025
707,707,بسمة عبدالعزيز,10,10,17,39,9,9,20,20,81,Good,2024-2025
708,708,نور عبدالرحمن,8,9,18,40,10,9,19,20,96,Excellent,2024-2025
709,709,خالد سالم,8,10,17,43,8,8,20,19,82,Good,2024-2025
710,710,دينا فؤاد,9,9,17,40,10,10,18,19,81,Good,2024-2025
711,711,مصطفى كامل,10,8,16,38,10,10,17,19,84,Good,2024-2025
712,712,أحمد فؤاد,8,10,17,39,9,8,19,19,87,Very Good,2024-2025
713,713,ندى إبراهيم,8,10,16,41,10,9,18,18,89,Very Good,2024-2025
714,714,خالد سالم,8,9,19,40,9,8,17,19,81,Good,2024-2025
715,715,محمود كامل,8,9,18,39,8,10,20,20,91,Very Good,2024-2025
716,716,عمر حلمي,10,8,19,39,9,10,17,18,95,Excellent,2024-2025
717,717,آية فؤاد,9,9,19,42,8,8,17,19,95,Excellent,2024-2025
718,718,يوسف فؤاد,9,9,19,44,9,9,18,20,92,Very Good,2024-2025
719,719,هبة حلمي,8,10,19,38,9,8,18,20,88,Very Good,2024-2025
720,720,مريم حسن,10,8,16,39,8,8,18,20,81,Good,2024-2025
721,721,محمد حلمي,9,9,19,41,8,9,19,20,85,Very Good,2024-2025
722,722,هبة كامل,8,8,17,45,8,8,18,20,83,Good,2024-2025
723,723,يوسف إبراهيم,8,8,17,46,8,8,19,19,89,Very Good,2024-2025
724,724,ندى حلمي,8,10,20,40,10,8,19,20,99,Excellent,2024-2025
725,725,محمد حلمي,8,10,18,38,10,9,17,20,83,Good,2024-2025
726,726,أحمد كامل,10,10,16,42,9,9,20,18,90,Very Good,2024-2025
727,727,خالد حسن,10,8,20,38,9,9,19,20,96,Excellent,2024-2025
728,728,خالد إبراهيم,10,10,18,46,9,9,19,20,86,Very Good,2024-2025
729,729,فاطمة عبدالرحمن,9,9,19,39,10,9,17,18,84,Good,2024-2025
730,730,يوسف عبدالعزيز,9,8,20,42,10,8,17,19,100,Excellent,2024-2025
731,731,أحمد عبدالرحمن,9,10,18,42,8,8,20,20,94,Very Good,2024-2025
732,732,محمود إبراهيم,9,10,16,40,9,10,19,19,91,Very Good,2024-2025
733,733,مريم إبراهيم,10,10,18,40,10,10,17,19,92,Very Good,2024-2025
734,734,مصطفى حلمي,10,10,16,43,10,9,19,19,90,Very Good,2024-2025
735,735,حسن عبدالرحمن,8,9,18,46,9,8,19,20,92,Very Good,2024-2025
736,736,ندى حلمي,8,8,16,43,9,8,18,20,94,Very Good,2024-2025
737,737,رنا سعيد,10,8,16,38,8,9,20,18,92,Very Good,2024-2025
738,738,سارة سالم,9,10,17,46,10,9,17,18,90,Very Good,2024-2025
739,739,محمد سالم,9,10,20,41,9,9,19,19,88,Very Good,2024-2025
740,740,دينا حسن,8,10,16,39,9,8,19,19,87,Very Good,2024-2025
741,741,سعيد عبدالعزيز,10,10,20,39,10,8,20,20,96,Excellent,2024-2025
742,742,بسمة كامل,10,8,20,38,10,8,19,20,95,Excellent,2024-2025
743,743,مريم فؤاد,10,8,18,40,9,9,20,19,84,Good,2024-2025
744,744,خالد عبدالعزيز,10,8,19,45,9,10,18,19,96,Excellent,2024-2025
745,745,حسن فؤاد,8,10,18,42,10,8,18,18,80,Good,2024-2025
746,746,رنا كامل,9,9,17,46,9,10,20,19,83,Good,2024-2025
747,747,فاطمة عبدالله,9,8,18,44,9,10,18,18,97,Excellent,2024-2025
748,748,ندى عبدالرحمن,10,9,16,43,10,9,18,18,83,Good,2024-2025
749,749,نور إبراهيم,10,9,18,46,9,10,20,18,87,Very Good,2024-2025
750,750,علي عبدالرحمن,9,10,16,41,10,8,20,20,97,Excellent,2024-2025
751,751,محمود عبدالرحمن,9,10,20,41,10,8,18,19,85,Very Good,2024-2025
752,752,بسمة إبراهيم,8,8,17,44,10,10,20,19,85,Very Good,2024-2025
753,753,آية سالم,10,10,18,46,9,9,20,19,83,Good,2024-2025
754,754,محمد حسن,9,8,17,39,10,10,17,19,84,Good,2024-2025
755,755,حسن عبدالعزيز,8,9,18,38,9,10,18,18,95,Excellent,2024-2025
756,756,هبة عبدالعزيز,8,9,16,44,10,8,19,18,97,Excellent,2024-2025
757,757,آية عبدالله,10,8,17,43,8,8,20,19,87,Very Good,2024-2025
758,758,آية سالم,9,9,19,45,10,9,18,18,98,Excellent,2024-2025
759,759,عمر إبراهيم,9,9,18,39,10,9,17,19,96,Excellent,2024-2025
760,760,سعيد حلمي,9,8,19,44,8,10,20,19,86,Very Good,2024-2025
761,761,مصطفى عبدالله,8,9,20,42,10,10,19,19,98,Excellent,2024-2025
762,762,أحمد إبراهيم,8,8,18,46,9,9,17,19,94,Very Good,2024-2025
763,763,خالد إبراهيم,10,10,16,45,8,10,19,20,86,Very Good,2024-2025
764,764,آية عبدالله,9,9,19,41,10,9,17,19,95,Excellent,2024-2025
765,765,عمر إبراهيم,8,8,19,44,9,9,18,18,89,Very Good,2024-2025
766,766,رنا حسن,9,8,18,39,8,10,17,19,91,Very Good,2024-2025
767,767,خالد إبراهيم,8,10,18,44,10,10,19,18,95,Excellent,2024-2025
768,768,عمر حسن,8,8,17,39,8,8,20,20,95,Excellent,2024-2025
769,769,سارة سعيد,10,8,18,43,10,10,20,20,81,Good,2024-2025
770,770,حسن إبراهيم,9,10,20,39,10,8,18,18,90,Very Good,2024-2025
771,771,أحمد حسن,8,9,20,41,8,8,17,18,85,Very Good,2024-2025
772,772,سعيد حلمي,10,8,16,42,10,9,18,20,100,Excellent,2024-2025
773,773,مريم عبدالرحمن,9,8,16,45,8,8,19,19,86,Very Good,2024-2025
774,774,سارة حسن,10,9,17,46,8,8,20,19,81,Good,2024-2025
775,775,محمد حسن,9,10,20,39,8,8,20,19,84,Good,2024-2025
776,776,رنا عبدالرحمن,9,9,16,40,8,10,20,18,89,Very Good,2024-2025
777,777,دينا عبدالرحمن,10,10,17,40,8,9,20,20,85,Very Good,2024-2025
778,778,بسمة حلمي,10,10,16,42,9,8,20,20,91,Very Good,2024-2025
779,779,نور سالم,10,9,19,42,8,9,17,19,92,Very Good,2024-2025
780,780,خالد حسن,8,8,16,45,9,10,20,18,87,Very Good,2024-2025
781,781,هبة سعيد,10,10,18,41,9,9,19,18,82,Good,2024-2025
782,782,سعيد حلمي,10,9,17,40,8,8,18,20,94,Very Good,2024-2025
783,783,نور حسن,9,10,19,43,9,10,17,20,99,Excellent,2024-2025
784,784,آية فؤاد,10,8,17,46,10,8,17,18,90,Very Good,2024-2025
785,785,سعيد فؤاد,8,10,20,40,10,8,18,20,85,Very Good,2024-2025
786,786,مصطفى سالم,9,10,16,39,10,8,20,20,90,Very Good,2024-2025
787,787,عمر حسن,10,9,17,44,9,9,20,20,93,Very Good,2024-2025
788,788,هبة عبدالعزيز,9,10,20,43,10,10,20,20,95,Excellent,2024-2025
789,789,علي عبدالعزيز,10,10,17,38,8,8,19,20,80,Good,2024-2025
790,790,مريم حسن,9,9,19,46,10,9,18,18,100,Excellent,2024-2025
791,791,نور عبدالله,10,10,19,42,9,8,18,18,92,Very Good,2024-2025
792,792,أحمد سالم,10,10,17,46,10,8,17,20,86,Very Good,2024-2025
793,793,سارة عبدالله,10,10,19,43,9,10,17,20,85,Very Good,2024-2025
794,794,آية سالم,9,9,17,45,10,10,18,18,80,Good,2024-2025
795,795,دينا سالم,10,10,20,43,10,9,20,18,84,Good,2024-2025
796,796,آية فؤاد,9,8,20,40,10,8,17,20,90,Very Good,2024-2025
797,797,حسن سعيد,10,9,18,41,9,10,18,18,84,Good,2024-2025
798,798,رنا عبدالعزيز,8,10,20,42,9,8,19,20,88,Very Good,2024-2025
799,799,حسن حلمي,10,10,18,39,10,8,19,19,94,Very Good,2024-2025
800,800,أحمد حلمي,10,9,16,46,10,9,19,18,99,Excellent,2024-2025
801,801,حسن فؤاد,8,8,19,45,9,9,19,18,92,Very Good,2024-2025
802,802,محمود كامل,10,8,19,38,10,8,17,18,83,Good,2024-2025
803,803,ندى عبدالعزيز,9,10,18,44,8,8,18,20,83,Good,2024-2025
804,804,خالد حسن,8,8,16,45,9,9,19,20,100,Excellent,2024-2025
805,805,سعيد عبدالرحمن,8,10,19,45,9,9,17,19,82,Good,2024-2025
806,806,محمود حسن,8,10,16,40,9,9,20,19,90,Very Good,2024-2025
807,807,أحمد عبدالعزيز,8,8,16,38,9,8,19,18,89,Very Good,2024-2025
808,808,سعيد كامل,10,10,17,42,8,10,20,20,87,Very Good,2024-2025
809,809,علي كامل,10,10,19,46,10,8,17,19,93,Very Good,2024-2025
810,810,عمر كامل,8,9,18,38,10,10,20,20,95,Excellent,2024-2025
811,811,علي حلمي,10,10,17,43,8,8,20,20,84,Good,2024-2025
812,812,سعيد حلمي,9,9,20,44,10,8,18,20,94,Very Good,2024-2025
813,813,هبة كامل,8,10,18,41,10,8,19,20,99,Excellent,2024-2025
814,814,عمر سعيد,8,8,16,39,8,8,18,18,97,Excellent,2024-2025
815,815,علي كامل,8,9,19,41,10,10,19,19,90,Very Good,2024-2025
816,816,خالد حلمي,8,9,17,38,8,9,18,18,88,Very Good,2024-2025
817,817,يوسف حسن,9,9,16,41,9,8,18,19,96,Excellent,2024-2025
818,818,يوسف سالم,10,8,16,40,9,10,19,19,90,Very Good,2024-2025
819,819,رنا عبدالعزيز,9,9,17,43,10,10,17,20,89,Very Good,2024-2025
820,820,عمر عبدالرحمن,10,9,18,43,10,9,20,20,85,Very Good,2024-2025
821,821,عمر سعيد,9,9,16,43,10,10,20,20,80,Good,2024-2025
822,822,سارة عبدالله,10,8,16,45,9,10,19,19,99,Excellent,2024-2025
823,823,نور عبدالعزيز,10,9,18,39,10,10,20,19,85,Very Good,2024-2025
824,824,نور سعيد,10,9,19,43,9,8,18,18,80,Good,2024-2025
825,825,آية حسن,10,8,16,41,9,9,17,20,81,Good,2024-2025
826,826,خالد إبراهيم,10,10,19,39,10,9,19,18,82,Good,2024-2025
827,827,آية فؤاد,8,9,17,43,9,8,18,20,91,Very Good,2024-2025
828,828,عمر سعيد,8,10,20,42,10,10,20,20,99,Excellent,2024-2025
829,829,هبة فؤاد,9,10,19,42,10,9,18,18,87,Very Good,2024-2025
830,830,عمر فؤاد,9,10,19,40,9,9,19,19,98,Excellent,2024-2025
831,831,حسن حلمي,9,9,18,39,10,8,19,20,87,Very Good,2024-2025
832,832,عمر عبدالعزيز,9,10,17,43,9,10,17,20,91,Very Good,2024-2025
833,833,بسمة كامل,10,9,20,40,9,9,17,18,96,Excellent,2024-2025
834,834,مريم عبدالعزيز,10,8,16,44,9,10,19,19,96,Excellent,2024-2025
835,835,هبة سعيد,8,8,19,40,8,10,18,18,92,Very Good,2024-2025
836,836,حسن إبراهيم,8,10,17,45,8,8,19,19,82,Good,2024-2025
837,837,هبة كامل,9,8,17,39,8,9,20,19,90,Very Good,2024-2025
838,838,يوسف حسن,10,8,16,45,8,9,20,19,91,Very Good,2024-2025
839,839,ندى حلمي,10,10,18,41,9,10,19,18,81,Good,2024-2025
840,840,مصطفى عبدالله,10,9,18,43,10,8,18,19,93,Very Good,2024-2025
841,841,ندى سعيد,10,8,18,42,10,9,18,19,96,Excellent,2024-2025
842,842,سعيد سعيد,8,8,16,43,9,10,19,19,97,Excellent,2024-2025
843,843,محمد حلمي,10,10,19,42,10,9,20,20,96,Excellent,2024-2025
844,844,ندى حلمي,10,9,18,42,8,8,17,18,90,Very Good,2024-2025
845,845,ندى حلمي,8,8,20,45,9,10,17,18,100,Excellent,2024-2025
846,846,علي عبدالله,8,8,20,46,9,9,17,20,100,Excellent,2024-2025
847,847,حسن سالم,10,10,20,38,8,9,17,18,89,Very Good,2024-2025
848,848,هبة حسن,10,10,20,45,8,9,18,20,87,Very Good,2024-2025
849,849,أحمد إبراهيم,9,10,17,41,10,9,18,18,94,Very Good,2024-2025
850,850,مريم عبدالعزيز,8,8,18,40,8,10,19,19,98,Excellent,2024-2025
851,851,بسمة عبدالله,8,10,19,39,10,9,19,20,96,Excellent,2024-2025
852,852,آية عبدالعزيز,10,9,19,40,8,10,18,18,99,Excellent,2024-2025
853,853,نور سعيد,8,10,17,45,8,10,20,19,100,Excellent,2024-2025
854,854,مصطفى عبدالله,8,9,17,38,8,10,18,19,96,Excellent,2024-2025
855,855,حسن سالم,9,10,16,42,9,9,19,18,85,Very Good,2024-2025
856,856,علي حسن,10,9,20,43,9,9,17,19,86,Very Good,2024-2025
857,857,عمر عبدالرحمن,10,8,17,42,8,8,19,20,93,Very Good,2024-2025
858,858,دينا حسن,9,8,18,41,9,8,20,19,81,Good,2024-2025
859,859,نور حلمي,10,9,16,39,10,8,17,20,99,Excellent,2024-2025
860,860,هبة سالم,10,8,19,38,8,8,19,20,81,Good,2024-2025
861,861,هبة عبدالعزيز,8,10,17,46,10,8,17,19,87,Very Good,2024-2025
862,862,هبة سعيد,9,8,16,41,10,10,18,19,88,Very Good,2024-2025
863,863,مريم سالم,8,9,19,45,9,9,20,19,97,Excellent,2024-2025
864,864,خالد عبدالله,8,8,18,46,9,9,18,20,85,Very Good,2024-2025
865,865,رنا عبدالعزيز,9,9,20,39,10,10,18,18,91,Very Good,2024-2025
866,866,خالد كامل,8,10,17,42,10,10,19,18,96,Excellent,2024-2025
867,867,دينا إبراهيم,8,8,19,44,9,10,19,19,83,Good,2024-2025
868,868,ندى عبدالرحمن,9,8,18,41,8,10,20,18,96,Excellent,2024-2025
869,869,بسمة كامل,10,10,20,42,10,9,18,20,99,Excellent,2024-2025
870,870,سعيد سعيد,9,9,20,43,8,9,17,19,92,Very Good,2024-2025
871,871,هبة فؤاد,10,8,17,41,10,9,20,18,97,Excellent,2024-2025
872,872,عمر كامل,10,8,18,40,9,8,18,18,92,Very Good,2024-2025
873,873,مريم إبراهيم,9,9,20,44,10,9,17,20,93,Very Good,2024-2025
874,874,نور فؤاد,10,8,16,39,10,10,17,20,93,Very Good,2024-2025
875,875,يوسف سالم,8,8,20,40,10,10,19,19,98,Excellent,2024-2025
876,876,ندى حسن,8,8,17,45,8,10,19,19,95,Excellent,2024-2025
877,877,سعيد حسن,9,10,18,44,9,9,19,18,85,Very Good,2024-2025
878,878,سارة فؤاد,8,9,16,38,9,10,19,19,89,Very Good,2024-2025
879,879,مريم سالم,9,9,17,42,8,9,20,20,91,Very Good,2024-2025
880,880,مصطفى عبدالله,9,9,18,41,10,10,20,20,94,Very Good,2024-2025
881,881,هبة سالم,10,10,19,43,8,8,20,20,92,Very Good,2024-2025
882,882,أحمد سالم,10,10,17,39,10,8,17,20,95,Excellent,2024-2025
883,883,ندى حلمي,9,9,19,45,10,10,19,19,86,Very Good,2024-2025
884,884,محمد حسن,10,10,20,38,9,9,17,19,96,Excellent,2024-2025
885,885,فاطمة حلمي,10,9,17,40,10,10,19,18,98,Excellent,2024-2025
886,886,مصطفى سعيد,8,10,17,41,9,10,20,20,90,Very Good,2024-2025
887,887,نور حلمي,8,9,17,44,8,8,19,19,84,Good,2024-2025
888,888,مريم سالم,9,10,17,43,8,9,19,19,82,Good,2024-2025
889,889,يوسف سالم,10,9,18,44,8,10,18,19,83,Good,2024-2025
890,890,عمر عبدالرحمن,10,8,16,42,10,8,19,19,85,Very Good,2024-2025
891,891,آية إبراهيم,9,10,19,40,9,8,17,19,90,Very Good,2024-2025
892,892,دينا كامل,10,8,19,44,8,9,18,19,94,Very Good,2024-2025
893,893,محمود عبدالرحمن,9,8,19,46,10,9,18,19,91,Very Good,2024-2025
894,894,محمود إبراهيم,9,9,19,45,10,10,18,20,94,Very Good,2024-2025
895,895,نور حلمي,10,9,16,46,10,8,18,19,80,Good,2024-2025
896,896,محمود كامل,9,9,19,46,10,10,17,18,84,Good,2024-2025
897,897,رنا عبدالعزيز,9,10,20,40,9,8,18,19,90,Very Good,2024-2025
898,898,رنا سالم,10,8,19,41,9,10,20,20,94,Very Good,2024-2025
899,899,نور عبدالعزيز,9,9,19,45,8,9,17,20,100,Excellent,2024-2025
900,900,علي عبدالرحمن,9,10,18,38,10,10,20,19,94,Very Good,2024-2025
901,901,سعيد حلمي,8,10,17,39,8,10,20,20,82,Good,2024-2025
902,902,بسمة إبراهيم,9,10,18,44,8,8,17,20,80,Good,2024-2025
903,903,عمر عبدالله,8,8,20,42,10,8,18,20,96,Excellent,2024-2025
904,904,هبة عبدالعزيز,10,8,17,38,9,10,19,20,86,Very Good,2024-2025
905,905,علي فؤاد,9,9,17,41,10,10,19,18,99,Excellent,2024-2025
906,906,نور سالم,9,10,16,43,8,8,20,20,89,Very Good,2024-2025
907,907,حسن سالم,10,10,20,39,10,8,17,18,84,Good,2024-2025
908,908,علي سالم,8,10,17,42,8,8,18,18,93,Very Good,2024-2025
909,909,سارة فؤاد,10,10,16,39,8,8,19,20,88,Very Good,2024-2025
910,910,ندى حسن,10,9,18,44,10,9,19,20,88,Very Good,2024-2025
911,911,خالد حسن,10,10,20,46,8,9,18,18,87,Very Good,2024-2025
912,912,سعيد سالم,8,10,20,44,10,8,17,19,94,Very Good,2024-2025
913,913,علي حسن,10,9,17,41,9,10,18,18,96,Excellent,2024-2025
914,914,أحمد عبدالرحمن,8,9,17,38,9,9,17,20,88,Very Good,2024-2025
915,915,سعيد عبدالعزيز,10,8,16,38,8,10,19,19,88,Very Good,2024-2025
916,916,يوسف حسن,8,9,17,42,9,8,20,18,80,Good,2024-2025
917,917,محمود عبدالعزيز,9,9,20,43,9,8,20,18,90,Very Good,2024-2025
918,918,يوسف فؤاد,9,10,17,42,8,9,20,18,83,Good,2024-2025
919,919,عمر عبدالله,8,9,19,46,9,8,18,18,92,Very Good,2024-2025
920,920,محمود عبدالله,10,9,20,44,10,8,18,20,93,Very Good,2024-2025
921,921,مصطفى كامل,10,10,17,46,8,8,20,20,95,Excellent,2024-2025
922,922,نور عبدالرحمن,8,9,19,40,8,10,18,19,94,Very Good,2024-2025
923,923,آية إبراهيم,9,10,18,45,9,8,20,19,91,Very Good,2024-2025
924,924,سعيد عبدالعزيز,9,8,18,42,9,10,18,20,93,Very Good,2024-2025
925,925,خالد سالم,9,10,20,46,10,8,19,20,83,Good,2024-2025
926,926,محمود حسن,10,9,17,44,9,10,18,19,98,Excellent,2024-2025
927,927,آية عبدالرحمن,9,10,19,41,9,9,19,19,91,Very Good,2024-2025
928,928,رنا فؤاد,9,8,17,44,8,8,19,18,95,Excellent,2024-2025
929,929,آية عبدالله,9,8,20,44,10,8,18,19,88,Very Good,2024-2025
930,930,رنا سعيد,8,10,19,41,8,10,18,18,96,Excellent,2024-2025
931,931,علي سعيد,10,8,19,45,9,10,19,18,83,Good,2024-2025
932,932,ندى إبراهيم,9,10,17,40,10,9,19,20,100,Excellent,2024-2025
933,933,يوسف حلمي,8,10,16,44,8,8,19,20,89,Very Good,2024-2025
934,934,سعيد سالم,10,8,16,41,10,10,17,19,88,Very Good,2024-2025
935,935,سارة فؤاد,9,10,17,40,8,10,17,18,99,Excellent,2024-2025
936,936,مصطفى حسن,10,10,20,41,10,8,18,20,99,Excellent,2024-2025
937,937,سعيد عبدالعزيز,10,8,18,46,10,8,18,20,88,Very Good,2024-2025
938,938,عمر عبدالرحمن,8,9,20,44,9,9,18,19,88,Very Good,2024-2025
939,939,علي حلمي,8,8,18,42,10,9,19,20,88,Very Good,2024-2025
940,940,ندى حلمي,10,10,19,46,10,9,19,18,90,Very Good,2024-2025
941,941,محمود عبدالعزيز,10,10,18,46,10,9,17,18,84,Good,2024-2025
942,942,يوسف فؤاد,10,8,17,40,9,9,18,18,97,Excellent,2024-2025
943,943,محمود حلمي,8,9,19,41,9,9,17,19,95,Excellent,2024-2025
944,944,هبة عبدالرحمن,10,8,18,41,8,9,17,18,95,Excellent,2024-2025
945,945,سارة عبدالعزيز,9,10,16,40,8,9,17,20,97,Excellent,2024-2025
946,946,أحمد عبدالله,10,8,17,42,9,9,18,18,84,Good,2024-2025
947,947,ندى عبدالله,10,8,17,42,10,8,20,20,97,Excellent,2024-2025
948,948,آية كامل,8,9,19,42,8,8,17,19,90,Very Good,2024-2025
949,949,محمد كامل,9,8,18,40,9,9,17,19,84,Good,2024-2025
950,950,نور سعيد,10,10,17,46,10,8,20,18,81,Good,2024-2025
951,951,فاطمة عبدالعزيز,9,8,16,40,8,9,17,20,83,Good,2024-2025
952,952,عمر كامل,10,8,18,44,9,8,20,20,80,Good,2024-2025
953,953,نور سالم,8,9,20,39,9,8,19,19,83,Good,2024-2025
954,954,علي عبدالرحمن,9,10,17,38,8,8,20,19,85,Very Good,2024-2025
955,955,ندى إبراهيم,10,8,20,42,8,10,17,18,97,Excellent,2024-2025
956,956,هبة حلمي,10,9,19,46,8,9,18,19,98,Excellent,2024-2025
957,957,محمود إبراهيم,9,9,16,45,9,8,18,20,84,Good,2024-2025
958,958,محمد كامل,10,10,18,42,9,8,19,19,80,Good,2024-2025
959,959,هبة سالم,9,10,20,43,9,10,20,19,86,Very Good,2024-2025
960,960,محمد عبدالعزيز,10,8,20,44,9,8,17,19,90,Very Good,2024-2025
961,961,محمد فؤاد,10,8,17,38,10,9,20,20,80,Good,2024-2025
962,962,مريم عبدالله,8,8,20,43,10,10,19,20,94,Very Good,2024-2025
963,963,سعيد عبدالرحمن,10,10,17,39,8,9,18,18,92,Very Good,2024-2025
964,964,عمر عبدالرحمن,8,8,19,40,9,10,20,19,90,Very Good,2024-2025
965,965,فاطمة فؤاد,8,9,17,42,9,8,18,18,80,Good,2024-2025
966,966,ندى فؤاد,8,10,17,44,9,9,17,20,93,Very Good,2024-2025
967,967,محمود عبدالله,9,9,16,38,10,10,18,19,87,Very Good,2024-2025
968,968,سارة كامل,10,10,16,43,8,9,20,18,98,Excellent,2024-2025
969,969,سعيد حلمي,9,8,17,39,8,10,18,19,86,Very Good,2024-2025
970,970,سعيد حلمي,8,8,20,39,8,9,17,19,81,Good,2024-2025
971,971,هبة فؤاد,10,9,19,38,8,8,18,19,91,Very Good,2024-2025
972,972,عمر فؤاد,10,9,17,38,8,9,18,18,85,Very Good,2024-2025
973,973,فاطمة كامل,9,9,18,41,8,8,20,19,88,Very Good,2024-2025
974,974,بسمة كامل,9,8,17,39,10,9,20,20,84,Good,2024-2025
975,975,دينا كامل,9,9,18,44,10,8,17,19,96,Excellent,2024-2025
976,976,فاطمة سعيد,10,8,19,46,9,10,17,20,80,Good,2024-2025
977,977,نور إبراهيم,9,10,16,42,10,9,18,18,81,Good,2024-2025
978,978,فاطمة كامل,10,9,16,41,10,9,19,19,96,Excellent,2024-2025
979,979,محمد فؤاد,9,8,16,43,8,8,17,20,98,Excellent,2024-2025
980,980,يوسف سعيد,9,9,20,43,10,8,20,20,81,Good,2024-2025
981,981,عمر سعيد,9,8,17,43,9,9,20,19,100,Excellent,2024-2025
982,982,يوسف سالم,8,10,19,45,10,8,17,18,99,Excellent,2024-2025
983,983,أحمد عبدالرحمن,8,10,20,42,8,10,17,19,86,Very Good,2024-2025
984,984,عمر حسن,10,8,18,41,9,9,20,20,100,Excellent,2024-2025
985,985,أحمد فؤاد,9,8,20,46,8,9,18,20,81,Good,2024-2025
986,986,بسمة فؤاد,10,9,20,43,8,10,18,20,95,Excellent,2024-2025
987,987,عمر سعيد,8,9,19,45,9,9,19,19,94,Very Good,2024-2025
988,988,نور سالم,10,9,19,41,8,10,17,19,91,Very Good,2024-2025
989,989,بسمة عبدالرحمن,8,10,18,41,10,10,20,20,97,Excellent,2024-2025
990,990,فاطمة حسن,9,8,18,39,9,10,18,19,90,Very Good,2024-2025
991,991,نور حلمي,8,10,18,40,8,8,18,20,98,Excellent,2024-2025
992,992,حسن سعيد,10,8,17,42,10,8,18,19,86,Very Good,2024-2025
993,993,حسن حلمي,8,8,18,46,10,8,18,18,96,Excellent,2024-2025
994,994,مريم إبراهيم,8,8,18,46,8,9,18,19,86,Very Good,2024-2025
995,995,بسمة سالم,10,10,20,40,9,10,17,19,96,Excellent,2024-2025
996,996,نور سالم,9,10,20,39,9,9,18,18,93,Very Good,2024-2025
997,997,مريم فؤاد,8,8,18,40,10,10,20,18,86,Very Good,2024-2025
998,998,عمر كامل,9,10,19,42,9,9,18,18,90,Very Good,2024-2025
999,999,رنا عبدالله,8,10,16,46,10,10,17,20,98,Excellent,2024-2025
1000,1000,سارة عبدالرحمن,9,10,18,45,10,10,20,18,92,Very Good,2024-2025
